,H25_sex,delta_average,H25_age
0,1.0,-0.00844,1
1,1.0,-0.00803,1
2,1.0,-0.00765,1
3,1.0,-0.00761,1
4,1.0,-0.00759,1
5,1.0,-0.00735,1
6,1.0,-0.0073,1
7,1.0,-0.00723,1
8,1.0,-0.00716,1
9,1.0,-0.00715,1
10,1.0,-0.00698,1
11,1.0,-0.00695,1
12,1.0,-0.00679,1
13,1.0,-0.00667,1
14,1.0,-0.00665,1
15,1.0,-0.00653,1
16,1.0,-0.00644,1
17,1.0,-0.00643,1
18,1.0,-0.0064,1
19,1.0,-0.00635,2
20,1.0,-0.00627,1
21,1.0,-0.00626,1
22,1.0,-0.00617,1
23,1.0,-0.00604,1
24,1.0,-0.00601,1
25,1.0,-0.006,2
26,1.0,-0.00593,1
27,1.0,-0.00586,1
28,1.0,-0.0057,1
29,1.0,-0.00563,1
30,1.0,-0.00559,1
31,1.0,-0.00554,1
32,1.0,-0.00553,2
33,1.0,-0.00545,1
34,1.0,-0.00535,1
35,1.0,-0.00533,1
36,1.0,-0.00531,2
37,1.0,-0.00526,1
38,1.0,-0.0052,1
39,1.0,-0.0051,1
40,1.0,-0.00508,1
41,1.0,-0.00507,1
42,1.0,-0.00506,1
43,1.0,-0.00504,1
44,1.0,-0.005,1
45,1.0,-0.00499,1
46,1.0,-0.00497,1
47,1.0,-0.00491,1
48,1.0,-0.0049,1
49,1.0,-0.00489,1
50,1.0,-0.00486,2
51,1.0,-0.00485,2
52,1.0,-0.00478,1
53,1.0,-0.00476,4
54,1.0,-0.00474,3
55,1.0,-0.0047,2
56,1.0,-0.00464,1
57,1.0,-0.00463,1
58,1.0,-0.00462,1
59,1.0,-0.0046,1
60,1.0,-0.00459,1
61,1.0,-0.00456,1
62,1.0,-0.00455,1
63,1.0,-0.00454,1
64,1.0,-0.00452,2
65,1.0,-0.00451,2
66,1.0,-0.00449,1
67,1.0,-0.00448,1
68,1.0,-0.00447,1
69,1.0,-0.00446,1
70,1.0,-0.00444,2
71,1.0,-0.00443,1
72,1.0,-0.00441,1
73,1.0,-0.0044,1
74,1.0,-0.00439,4
75,1.0,-0.00437,1
76,1.0,-0.00435,1
77,1.0,-0.00434,2
78,1.0,-0.00433,1
79,1.0,-0.00432,2
80,1.0,-0.0043,1
81,1.0,-0.00429,1
82,1.0,-0.00428,1
83,1.0,-0.00427,1
84,1.0,-0.00424,1
85,1.0,-0.00423,1
86,1.0,-0.00421,1
87,1.0,-0.00419,1
88,1.0,-0.00417,1
89,1.0,-0.00416,1
90,1.0,-0.00415,1
91,1.0,-0.00414,2
92,1.0,-0.00412,2
93,1.0,-0.00408,1
94,1.0,-0.00406,2
95,1.0,-0.00405,1
96,1.0,-0.00404,4
97,1.0,-0.00403,1
98,1.0,-0.00402,1
99,1.0,-0.00401,1
100,1.0,-0.00399,2
101,1.0,-0.00398,1
102,1.0,-0.00397,2
103,1.0,-0.00395,2
104,1.0,-0.00393,2
105,1.0,-0.00391,4
106,1.0,-0.0039,1
107,1.0,-0.00389,1
108,1.0,-0.00388,2
109,1.0,-0.00385,1
110,1.0,-0.00384,2
111,1.0,-0.00383,3
112,1.0,-0.00382,1
113,1.0,-0.00379,1
114,1.0,-0.00378,1
115,1.0,-0.00377,2
116,1.0,-0.00376,1
117,1.0,-0.00375,1
118,1.0,-0.00374,2
119,1.0,-0.0037,1
120,1.0,-0.00369,1
121,1.0,-0.00365,1
122,1.0,-0.00364,1
123,1.0,-0.00363,1
124,1.0,-0.00361,1
125,1.0,-0.0036,3
126,1.0,-0.00359,2
127,1.0,-0.00358,4
128,1.0,-0.00357,2
129,1.0,-0.00356,2
130,1.0,-0.00355,3
131,1.0,-0.00354,2
132,1.0,-0.00353,2
133,1.0,-0.00352,1
134,1.0,-0.00351,2
135,1.0,-0.0035,1
136,1.0,-0.00348,4
137,1.0,-0.00347,1
138,1.0,-0.00345,2
139,1.0,-0.00344,3
140,1.0,-0.00343,4
141,1.0,-0.00342,4
142,1.0,-0.00341,1
143,1.0,-0.0034,1
144,1.0,-0.00339,2
145,1.0,-0.00338,4
146,1.0,-0.00337,2
147,1.0,-0.00336,3
148,1.0,-0.00335,2
149,1.0,-0.00333,3
150,1.0,-0.00332,2
151,1.0,-0.00331,2
152,1.0,-0.0033,1
153,1.0,-0.00329,3
154,1.0,-0.00328,3
155,1.0,-0.00327,1
156,1.0,-0.00326,1
157,1.0,-0.00325,2
158,1.0,-0.00324,1
159,1.0,-0.00323,1
160,1.0,-0.0032,3
161,1.0,-0.00319,6
162,1.0,-0.00318,2
163,1.0,-0.00317,1
164,1.0,-0.00316,1
165,1.0,-0.00315,2
166,1.0,-0.00314,4
167,1.0,-0.00313,5
168,1.0,-0.00312,4
169,1.0,-0.00311,6
170,1.0,-0.0031,4
171,1.0,-0.00309,2
172,1.0,-0.00308,2
173,1.0,-0.00307,1
174,1.0,-0.00306,7
175,1.0,-0.00305,2
176,1.0,-0.00304,1
177,1.0,-0.00303,5
178,1.0,-0.00302,2
179,1.0,-0.00301,5
180,1.0,-0.003,6
181,1.0,-0.00299,1
182,1.0,-0.00298,2
183,1.0,-0.00297,5
184,1.0,-0.00296,4
185,1.0,-0.00295,3
186,1.0,-0.00294,2
187,1.0,-0.00293,2
188,1.0,-0.00292,1
189,1.0,-0.00291,4
190,1.0,-0.0029,5
191,1.0,-0.00289,4
192,1.0,-0.00288,4
193,1.0,-0.00287,5
194,1.0,-0.00286,6
195,1.0,-0.00285,5
196,1.0,-0.00284,3
197,1.0,-0.00283,4
198,1.0,-0.00282,10
199,1.0,-0.00281,3
200,1.0,-0.0028,8
201,1.0,-0.00279,6
202,1.0,-0.00278,4
203,1.0,-0.00277,2
204,1.0,-0.00276,4
205,1.0,-0.00275,6
206,1.0,-0.00274,3
207,1.0,-0.00273,6
208,1.0,-0.00272,2
209,1.0,-0.00271,3
210,1.0,-0.0027,8
211,1.0,-0.00269,5
212,1.0,-0.00268,4
213,1.0,-0.00267,8
214,1.0,-0.00266,3
215,1.0,-0.00265,10
216,1.0,-0.00264,3
217,1.0,-0.00263,6
218,1.0,-0.00262,4
219,1.0,-0.00261,7
220,1.0,-0.0026,6
221,1.0,-0.00259,11
222,1.0,-0.00258,8
223,1.0,-0.00257,10
224,1.0,-0.00256,8
225,1.0,-0.00255,6
226,1.0,-0.00254,11
227,1.0,-0.00253,7
228,1.0,-0.00252,5
229,1.0,-0.00251,7
230,1.0,-0.0025,6
231,1.0,-0.00249,7
232,1.0,-0.00248,9
233,1.0,-0.00247,7
234,1.0,-0.00246,8
235,1.0,-0.00245,9
236,1.0,-0.00244,2
237,1.0,-0.00243,4
238,1.0,-0.00242,9
239,1.0,-0.00241,11
240,1.0,-0.0024,8
241,1.0,-0.00239,4
242,1.0,-0.00238,8
243,1.0,-0.00237,8
244,1.0,-0.00236,9
245,1.0,-0.00235,9
246,1.0,-0.00234,7
247,1.0,-0.00233,7
248,1.0,-0.00232,5
249,1.0,-0.00231,7
250,1.0,-0.0023,13
251,1.0,-0.00229,11
252,1.0,-0.00228,9
253,1.0,-0.00227,12
254,1.0,-0.00226,9
255,1.0,-0.00225,7
256,1.0,-0.00224,7
257,1.0,-0.00223,9
258,1.0,-0.00222,9
259,1.0,-0.00221,17
260,1.0,-0.0022,7
261,1.0,-0.00219,13
262,1.0,-0.00218,12
263,1.0,-0.00217,16
264,1.0,-0.00216,7
265,1.0,-0.00215,10
266,1.0,-0.00214,15
267,1.0,-0.00213,9
268,1.0,-0.00212,6
269,1.0,-0.00211,12
270,1.0,-0.0021,9
271,1.0,-0.00209,9
272,1.0,-0.00208,15
273,1.0,-0.00207,6
274,1.0,-0.00206,15
275,1.0,-0.00205,11
276,1.0,-0.00204,18
277,1.0,-0.00203,13
278,1.0,-0.00202,13
279,1.0,-0.00201,14
280,1.0,-0.002,14
281,1.0,-0.00199,16
282,1.0,-0.00198,15
283,1.0,-0.00197,11
284,1.0,-0.00196,18
285,1.0,-0.00195,14
286,1.0,-0.00194,21
287,1.0,-0.00193,19
288,1.0,-0.00192,11
289,1.0,-0.00191,10
290,1.0,-0.0019,17
291,1.0,-0.00189,16
292,1.0,-0.00188,18
293,1.0,-0.00187,18
294,1.0,-0.00186,18
295,1.0,-0.00185,12
296,1.0,-0.00184,17
297,1.0,-0.00183,24
298,1.0,-0.00182,24
299,1.0,-0.00181,28
300,1.0,-0.0018,24
301,1.0,-0.00179,13
302,1.0,-0.00178,16
303,1.0,-0.00177,14
304,1.0,-0.00176,21
305,1.0,-0.00175,17
306,1.0,-0.00174,22
307,1.0,-0.00173,24
308,1.0,-0.00172,14
309,1.0,-0.00171,18
310,1.0,-0.0017,19
311,1.0,-0.00169,34
312,1.0,-0.00168,27
313,1.0,-0.00167,20
314,1.0,-0.00166,26
315,1.0,-0.00165,19
316,1.0,-0.00164,33
317,1.0,-0.00163,28
318,1.0,-0.00162,30
319,1.0,-0.00161,34
320,1.0,-0.0016,30
321,1.0,-0.00159,21
322,1.0,-0.00158,33
323,1.0,-0.00157,29
324,1.0,-0.00156,28
325,1.0,-0.00155,23
326,1.0,-0.00154,28
327,1.0,-0.00153,23
328,1.0,-0.00152,25
329,1.0,-0.00151,25
330,1.0,-0.0015,36
331,1.0,-0.00149,40
332,1.0,-0.00148,32
333,1.0,-0.00147,33
334,1.0,-0.00146,47
335,1.0,-0.00145,32
336,1.0,-0.00144,43
337,1.0,-0.00143,39
338,1.0,-0.00142,36
339,1.0,-0.00141,40
340,1.0,-0.0014,39
341,1.0,-0.00139,29
342,1.0,-0.00138,33
343,1.0,-0.00137,38
344,1.0,-0.00136,38
345,1.0,-0.00135,32
346,1.0,-0.00134,39
347,1.0,-0.00133,40
348,1.0,-0.00132,48
349,1.0,-0.00131,27
350,1.0,-0.0013,46
351,1.0,-0.00129,35
352,1.0,-0.00128,52
353,1.0,-0.00127,35
354,1.0,-0.00126,50
355,1.0,-0.00125,57
356,1.0,-0.00124,42
357,1.0,-0.00123,41
358,1.0,-0.00122,42
359,1.0,-0.00121,36
360,1.0,-0.0012,51
361,1.0,-0.00119,50
362,1.0,-0.00118,50
363,1.0,-0.00117,52
364,1.0,-0.00116,63
365,1.0,-0.00115,48
366,1.0,-0.00114,30
367,1.0,-0.00113,46
368,1.0,-0.00112,53
369,1.0,-0.00111,71
370,1.0,-0.0011,53
371,1.0,-0.00109,56
372,1.0,-0.00108,55
373,1.0,-0.00107,59
374,1.0,-0.00106,52
375,1.0,-0.00105,56
376,1.0,-0.00104,56
377,1.0,-0.00103,68
378,1.0,-0.00102,56
379,1.0,-0.00101,73
380,1.0,-0.001,68
381,1.0,-0.00099,74
382,1.0,-0.00098,76
383,1.0,-0.00097,55
384,1.0,-0.00096,80
385,1.0,-0.00095,68
386,1.0,-0.00094,63
387,1.0,-0.00093,65
388,1.0,-0.00092,85
389,1.0,-0.00091,87
390,1.0,-0.0009,75
391,1.0,-0.00089,73
392,1.0,-0.00088,64
393,1.0,-0.00087,77
394,1.0,-0.00086,84
395,1.0,-0.00085,94
396,1.0,-0.00084,92
397,1.0,-0.00083,87
398,1.0,-0.00082,71
399,1.0,-0.00081,90
400,1.0,-0.0008,128
401,1.0,-0.00079,97
402,1.0,-0.00078,81
403,1.0,-0.00077,113
404,1.0,-0.00076,83
405,1.0,-0.00075,96
406,1.0,-0.00074,79
407,1.0,-0.00073,111
408,1.0,-0.00072,104
409,1.0,-0.00071,84
410,1.0,-0.0007,87
411,1.0,-0.00069,103
412,1.0,-0.00068,90
413,1.0,-0.00067,117
414,1.0,-0.00066,121
415,1.0,-0.00065,105
416,1.0,-0.00064,110
417,1.0,-0.00063,148
418,1.0,-0.00062,106
419,1.0,-0.00061,135
420,1.0,-0.0006,119
421,1.0,-0.00059,115
422,1.0,-0.00058,129
423,1.0,-0.00057,122
424,1.0,-0.00056,138
425,1.0,-0.00055,172
426,1.0,-0.00054,126
427,1.0,-0.00053,139
428,1.0,-0.00052,156
429,1.0,-0.00051,178
430,1.0,-0.0005,135
431,1.0,-0.00049,194
432,1.0,-0.00048,277
433,1.0,-0.00047,184
434,1.0,-0.00046,178
435,1.0,-0.00045,151
436,1.0,-0.00044,168
437,1.0,-0.00043,154
438,1.0,-0.00042,153
439,1.0,-0.00041,201
440,1.0,-0.0004,204
441,1.0,-0.00039,195
442,1.0,-0.00038,208
443,1.0,-0.00037,212
444,1.0,-0.00036,205
445,1.0,-0.00035,196
446,1.0,-0.00034,249
447,1.0,-0.00033,208
448,1.0,-0.00032,255
449,1.0,-0.00031,233
450,1.0,-0.0003,240
451,1.0,-0.00029,307
452,1.0,-0.00028,342
453,1.0,-0.00027,368
454,1.0,-0.00026,341
455,1.0,-0.00025,297
456,1.0,-0.00024,322
457,1.0,-0.00023,295
458,1.0,-0.00022,497
459,1.0,-0.00021,319
460,1.0,-0.0002,283
461,1.0,-0.00019,326
462,1.0,-0.00018,302
463,1.0,-0.00017,335
464,1.0,-0.00016,346
465,1.0,-0.00015,559
466,1.0,-0.00014,312
467,1.0,-0.00013,305
468,1.0,-0.00012,286
469,1.0,-0.00011,450
470,1.0,-0.0001,418
471,1.0,-9e-05,843
472,1.0,-8e-05,404
473,1.0,-7e-05,854
474,1.0,-6e-05,3345
475,1.0,-5e-05,734
476,1.0,-4e-05,329
477,1.0,-3e-05,388
478,1.0,-2e-05,660
479,1.0,-1e-05,641
480,1.0,0.0,406
481,1.0,1e-05,337
482,1.0,2e-05,530
483,1.0,3e-05,509
484,1.0,4e-05,540
485,1.0,5e-05,374
486,1.0,6e-05,500
487,1.0,7e-05,579
488,1.0,8e-05,561
489,1.0,9e-05,425
490,1.0,0.0001,314
491,1.0,0.00011,495
492,1.0,0.00012,514
493,1.0,0.00013,899
494,1.0,0.00014,584
495,1.0,0.00015,398
496,1.0,0.00016,502
497,1.0,0.00017,1345
498,1.0,0.00018,585
499,1.0,0.00019,480
500,1.0,0.0002,521
501,1.0,0.00021,776
502,1.0,0.00022,674
503,1.0,0.00023,320
504,1.0,0.00024,497
505,1.0,0.00025,482
506,1.0,0.00026,500
507,1.0,0.00027,435
508,1.0,0.00028,350
509,1.0,0.00029,278
510,1.0,0.0003,373
511,1.0,0.00031,291
512,1.0,0.00032,287
513,1.0,0.00033,335
514,1.0,0.00034,311
515,1.0,0.00035,271
516,1.0,0.00036,270
517,1.0,0.00037,331
518,1.0,0.00038,280
519,1.0,0.00039,224
520,1.0,0.0004,271
521,1.0,0.00041,229
522,1.0,0.00042,286
523,1.0,0.00043,306
524,1.0,0.00044,246
525,1.0,0.00045,228
526,1.0,0.00046,224
527,1.0,0.00047,226
528,1.0,0.00048,195
529,1.0,0.00049,203
530,1.0,0.0005,217
531,1.0,0.00051,195
532,1.0,0.00052,275
533,1.0,0.00053,189
534,1.0,0.00054,152
535,1.0,0.00055,174
536,1.0,0.00056,193
537,1.0,0.00057,151
538,1.0,0.00058,139
539,1.0,0.00059,193
540,1.0,0.0006,131
541,1.0,0.00061,139
542,1.0,0.00062,121
543,1.0,0.00063,117
544,1.0,0.00064,117
545,1.0,0.00065,104
546,1.0,0.00066,132
547,1.0,0.00067,104
548,1.0,0.00068,114
549,1.0,0.00069,94
550,1.0,0.0007,111
551,1.0,0.00071,97
552,1.0,0.00072,96
553,1.0,0.00073,94
554,1.0,0.00074,109
555,1.0,0.00075,101
556,1.0,0.00076,100
557,1.0,0.00077,88
558,1.0,0.00078,78
559,1.0,0.00079,80
560,1.0,0.0008,94
561,1.0,0.00081,68
562,1.0,0.00082,78
563,1.0,0.00083,94
564,1.0,0.00084,82
565,1.0,0.00085,74
566,1.0,0.00086,91
567,1.0,0.00087,67
568,1.0,0.00088,54
569,1.0,0.00089,61
570,1.0,0.0009,74
571,1.0,0.00091,60
572,1.0,0.00092,53
573,1.0,0.00093,54
574,1.0,0.00094,72
575,1.0,0.00095,72
576,1.0,0.00096,54
577,1.0,0.00097,50
578,1.0,0.00098,54
579,1.0,0.00099,62
580,1.0,0.001,44
581,1.0,0.00101,61
582,1.0,0.00102,77
583,1.0,0.00103,55
584,1.0,0.00104,52
585,1.0,0.00105,46
586,1.0,0.00106,35
587,1.0,0.00107,51
588,1.0,0.00108,41
589,1.0,0.00109,41
590,1.0,0.0011,44
591,1.0,0.00111,48
592,1.0,0.00112,38
593,1.0,0.00113,45
594,1.0,0.00114,54
595,1.0,0.00115,43
596,1.0,0.00116,57
597,1.0,0.00117,36
598,1.0,0.00118,46
599,1.0,0.00119,42
600,1.0,0.0012,46
601,1.0,0.00121,42
602,1.0,0.00122,32
603,1.0,0.00123,31
604,1.0,0.00124,34
605,1.0,0.00125,36
606,1.0,0.00126,35
607,1.0,0.00127,30
608,1.0,0.00128,44
609,1.0,0.00129,36
610,1.0,0.0013,28
611,1.0,0.00131,36
612,1.0,0.00132,30
613,1.0,0.00133,33
614,1.0,0.00134,44
615,1.0,0.00135,32
616,1.0,0.00136,30
617,1.0,0.00137,39
618,1.0,0.00138,25
619,1.0,0.00139,31
620,1.0,0.0014,35
621,1.0,0.00141,31
622,1.0,0.00142,28
623,1.0,0.00143,24
624,1.0,0.00144,36
625,1.0,0.00145,22
626,1.0,0.00146,23
627,1.0,0.00147,27
628,1.0,0.00148,33
629,1.0,0.00149,27
630,1.0,0.0015,22
631,1.0,0.00151,19
632,1.0,0.00152,20
633,1.0,0.00153,27
634,1.0,0.00154,25
635,1.0,0.00155,31
636,1.0,0.00156,39
637,1.0,0.00157,22
638,1.0,0.00158,34
639,1.0,0.00159,16
640,1.0,0.0016,23
641,1.0,0.00161,18
642,1.0,0.00162,15
643,1.0,0.00163,24
644,1.0,0.00164,26
645,1.0,0.00165,23
646,1.0,0.00166,25
647,1.0,0.00167,17
648,1.0,0.00168,16
649,1.0,0.00169,17
650,1.0,0.0017,17
651,1.0,0.00171,17
652,1.0,0.00172,12
653,1.0,0.00173,23
654,1.0,0.00174,17
655,1.0,0.00175,16
656,1.0,0.00176,17
657,1.0,0.00177,13
658,1.0,0.00178,10
659,1.0,0.00179,16
660,1.0,0.0018,16
661,1.0,0.00181,21
662,1.0,0.00182,25
663,1.0,0.00183,8
664,1.0,0.00184,14
665,1.0,0.00185,20
666,1.0,0.00186,15
667,1.0,0.00187,14
668,1.0,0.00188,24
669,1.0,0.00189,14
670,1.0,0.0019,23
671,1.0,0.00191,15
672,1.0,0.00192,14
673,1.0,0.00193,19
674,1.0,0.00194,16
675,1.0,0.00195,10
676,1.0,0.00196,14
677,1.0,0.00197,9
678,1.0,0.00198,18
679,1.0,0.00199,14
680,1.0,0.002,4
681,1.0,0.00201,12
682,1.0,0.00202,10
683,1.0,0.00203,12
684,1.0,0.00204,20
685,1.0,0.00205,14
686,1.0,0.00206,10
687,1.0,0.00207,17
688,1.0,0.00208,8
689,1.0,0.00209,11
690,1.0,0.0021,8
691,1.0,0.00211,12
692,1.0,0.00212,8
693,1.0,0.00213,13
694,1.0,0.00214,7
695,1.0,0.00215,10
696,1.0,0.00216,11
697,1.0,0.00217,13
698,1.0,0.00218,13
699,1.0,0.00219,14
700,1.0,0.0022,10
701,1.0,0.00221,7
702,1.0,0.00222,8
703,1.0,0.00223,16
704,1.0,0.00224,5
705,1.0,0.00225,5
706,1.0,0.00226,12
707,1.0,0.00227,9
708,1.0,0.00228,5
709,1.0,0.00229,6
710,1.0,0.0023,11
711,1.0,0.00231,8
712,1.0,0.00232,6
713,1.0,0.00233,6
714,1.0,0.00234,12
715,1.0,0.00235,10
716,1.0,0.00236,9
717,1.0,0.00237,8
718,1.0,0.00238,10
719,1.0,0.00239,7
720,1.0,0.0024,9
721,1.0,0.00241,15
722,1.0,0.00242,9
723,1.0,0.00243,9
724,1.0,0.00244,8
725,1.0,0.00245,4
726,1.0,0.00246,9
727,1.0,0.00247,8
728,1.0,0.00248,13
729,1.0,0.00249,2
730,1.0,0.0025,6
731,1.0,0.00251,9
732,1.0,0.00252,8
733,1.0,0.00253,10
734,1.0,0.00254,5
735,1.0,0.00255,5
736,1.0,0.00256,5
737,1.0,0.00257,3
738,1.0,0.00258,9
739,1.0,0.00259,9
740,1.0,0.0026,5
741,1.0,0.00261,5
742,1.0,0.00262,9
743,1.0,0.00263,6
744,1.0,0.00264,5
745,1.0,0.00265,5
746,1.0,0.00266,6
747,1.0,0.00267,9
748,1.0,0.00268,6
749,1.0,0.00269,2
750,1.0,0.0027,5
751,1.0,0.00271,6
752,1.0,0.00272,5
753,1.0,0.00273,6
754,1.0,0.00274,5
755,1.0,0.00275,10
756,1.0,0.00276,10
757,1.0,0.00277,5
758,1.0,0.00278,5
759,1.0,0.00279,9
760,1.0,0.0028,8
761,1.0,0.00281,4
762,1.0,0.00282,3
763,1.0,0.00283,7
764,1.0,0.00284,5
765,1.0,0.00285,3
766,1.0,0.00286,3
767,1.0,0.00287,3
768,1.0,0.00288,1
769,1.0,0.00289,5
770,1.0,0.0029,6
771,1.0,0.00291,5
772,1.0,0.00292,6
773,1.0,0.00293,3
774,1.0,0.00294,6
775,1.0,0.00295,5
776,1.0,0.00296,4
777,1.0,0.00297,5
778,1.0,0.00298,5
779,1.0,0.00299,1
780,1.0,0.003,5
781,1.0,0.00301,5
782,1.0,0.00302,3
783,1.0,0.00303,2
784,1.0,0.00304,3
785,1.0,0.00305,4
786,1.0,0.00306,2
787,1.0,0.00307,3
788,1.0,0.00309,9
789,1.0,0.0031,8
790,1.0,0.00311,5
791,1.0,0.00312,4
792,1.0,0.00313,2
793,1.0,0.00314,2
794,1.0,0.00315,5
795,1.0,0.00316,8
796,1.0,0.00317,5
797,1.0,0.00318,1
798,1.0,0.00319,10
799,1.0,0.0032,1
800,1.0,0.00321,2
801,1.0,0.00322,3
802,1.0,0.00323,4
803,1.0,0.00324,2
804,1.0,0.00325,3
805,1.0,0.00326,2
806,1.0,0.00327,1
807,1.0,0.00328,6
808,1.0,0.00329,2
809,1.0,0.00331,1
810,1.0,0.00332,3
811,1.0,0.00333,2
812,1.0,0.00334,1
813,1.0,0.00335,3
814,1.0,0.00336,3
815,1.0,0.00337,3
816,1.0,0.00338,2
817,1.0,0.00339,2
818,1.0,0.0034,3
819,1.0,0.00341,1
820,1.0,0.00342,6
821,1.0,0.00343,2
822,1.0,0.00344,5
823,1.0,0.00345,3
824,1.0,0.00346,5
825,1.0,0.00347,5
826,1.0,0.00348,2
827,1.0,0.00349,5
828,1.0,0.0035,3
829,1.0,0.00351,2
830,1.0,0.00353,3
831,1.0,0.00354,1
832,1.0,0.00355,3
833,1.0,0.00356,1
834,1.0,0.00358,6
835,1.0,0.0036,2
836,1.0,0.00362,1
837,1.0,0.00363,5
838,1.0,0.00364,1
839,1.0,0.00366,4
840,1.0,0.00367,1
841,1.0,0.00368,1
842,1.0,0.00369,2
843,1.0,0.0037,2
844,1.0,0.00371,4
845,1.0,0.00372,2
846,1.0,0.00373,2
847,1.0,0.00375,3
848,1.0,0.00376,2
849,1.0,0.00377,3
850,1.0,0.00378,1
851,1.0,0.00379,1
852,1.0,0.00382,1
853,1.0,0.00384,3
854,1.0,0.00385,1
855,1.0,0.00386,3
856,1.0,0.00387,2
857,1.0,0.00388,4
858,1.0,0.00389,2
859,1.0,0.0039,5
860,1.0,0.00391,3
861,1.0,0.00393,1
862,1.0,0.00394,3
863,1.0,0.00395,5
864,1.0,0.00397,2
865,1.0,0.00399,2
866,1.0,0.00401,6
867,1.0,0.00402,3
868,1.0,0.00403,2
869,1.0,0.00404,1
870,1.0,0.00405,1
871,1.0,0.00407,2
872,1.0,0.00408,2
873,1.0,0.00409,1
874,1.0,0.0041,4
875,1.0,0.00411,1
876,1.0,0.00413,2
877,1.0,0.00414,2
878,1.0,0.00415,1
879,1.0,0.00416,2
880,1.0,0.00417,3
881,1.0,0.00418,2
882,1.0,0.00419,1
883,1.0,0.00421,1
884,1.0,0.00422,1
885,1.0,0.00423,2
886,1.0,0.00424,1
887,1.0,0.00425,1
888,1.0,0.00426,2
889,1.0,0.00427,1
890,1.0,0.00428,1
891,1.0,0.00429,2
892,1.0,0.0043,1
893,1.0,0.00431,2
894,1.0,0.00432,1
895,1.0,0.00433,3
896,1.0,0.00434,3
897,1.0,0.00435,3
898,1.0,0.00437,2
899,1.0,0.00438,1
900,1.0,0.00439,2
901,1.0,0.0044,2
902,1.0,0.00443,1
903,1.0,0.00445,1
904,1.0,0.00447,2
905,1.0,0.00448,2
906,1.0,0.00449,1
907,1.0,0.00451,1
908,1.0,0.00452,2
909,1.0,0.00453,1
910,1.0,0.00454,2
911,1.0,0.00455,1
912,1.0,0.00456,2
913,1.0,0.00457,1
914,1.0,0.00459,1
915,1.0,0.0046,1
916,1.0,0.00461,1
917,1.0,0.00463,2
918,1.0,0.00464,1
919,1.0,0.00465,2
920,1.0,0.00467,1
921,1.0,0.00469,1
922,1.0,0.0047,1
923,1.0,0.00474,1
924,1.0,0.00476,1
925,1.0,0.00477,2
926,1.0,0.00478,2
927,1.0,0.0048,1
928,1.0,0.00481,2
929,1.0,0.00482,2
930,1.0,0.00483,1
931,1.0,0.00484,3
932,1.0,0.00485,1
933,1.0,0.00487,1
934,1.0,0.00489,1
935,1.0,0.00492,1
936,1.0,0.00494,2
937,1.0,0.00497,2
938,1.0,0.005,1
939,1.0,0.00501,1
940,1.0,0.00504,2
941,1.0,0.00505,1
942,1.0,0.00507,2
943,1.0,0.00508,1
944,1.0,0.00509,2
945,1.0,0.00511,1
946,1.0,0.00513,2
947,1.0,0.00516,1
948,1.0,0.00517,2
949,1.0,0.00518,2
950,1.0,0.00522,1
951,1.0,0.00523,1
952,1.0,0.00524,3
953,1.0,0.00526,2
954,1.0,0.00527,1
955,1.0,0.00529,2
956,1.0,0.00531,1
957,1.0,0.00532,2
958,1.0,0.00533,1
959,1.0,0.00537,1
960,1.0,0.00542,1
961,1.0,0.00543,1
962,1.0,0.00545,1
963,1.0,0.00546,2
964,1.0,0.00547,1
965,1.0,0.00551,1
966,1.0,0.00556,1
967,1.0,0.00557,1
968,1.0,0.00559,1
969,1.0,0.0056,1
970,1.0,0.00562,1
971,1.0,0.00563,1
972,1.0,0.00564,2
973,1.0,0.00569,1
974,1.0,0.00573,1
975,1.0,0.00574,1
976,1.0,0.00575,1
977,1.0,0.00588,1
978,1.0,0.00591,1
979,1.0,0.00593,1
980,1.0,0.00601,1
981,1.0,0.00605,1
982,1.0,0.0061,1
983,1.0,0.00621,1
984,1.0,0.00622,1
985,1.0,0.00635,1
986,1.0,0.00643,1
987,1.0,0.00646,1
988,1.0,0.00651,1
989,1.0,0.00659,1
990,1.0,0.0066,1
991,1.0,0.00662,1
992,1.0,0.00667,1
993,1.0,0.00669,1
994,1.0,0.00671,1
995,1.0,0.00686,1
996,1.0,0.00694,1
997,1.0,0.00728,1
998,1.0,0.00743,1
999,1.0,0.0076,1
1000,1.0,0.0077,1
1001,1.0,0.00781,1
1002,1.0,0.00789,1
1003,1.0,0.00791,1
1004,1.0,0.00809,1
1005,1.0,0.00841,1
1006,1.0,0.00846,1
1007,1.0,0.00848,1
1008,1.0,0.00862,1
1009,1.0,0.00915,1
1010,1.0,0.00963,1
1011,2.0,-0.00674,1
1012,2.0,-0.00657,1
1013,2.0,-0.00643,1
1014,2.0,-0.0061,1
1015,2.0,-0.00607,1
1016,2.0,-0.00579,1
1017,2.0,-0.00547,1
1018,2.0,-0.00534,1
1019,2.0,-0.00531,2
1020,2.0,-0.00518,1
1021,2.0,-0.00513,1
1022,2.0,-0.00497,1
1023,2.0,-0.00496,1
1024,2.0,-0.00485,1
1025,2.0,-0.0048,1
1026,2.0,-0.00472,1
1027,2.0,-0.00453,1
1028,2.0,-0.00452,2
1029,2.0,-0.00451,1
1030,2.0,-0.0045,1
1031,2.0,-0.00442,1
1032,2.0,-0.00433,2
1033,2.0,-0.00425,3
1034,2.0,-0.00424,1
1035,2.0,-0.00422,1
1036,2.0,-0.00421,2
1037,2.0,-0.00415,1
1038,2.0,-0.00414,1
1039,2.0,-0.00412,1
1040,2.0,-0.0041,1
1041,2.0,-0.00406,2
1042,2.0,-0.00404,1
1043,2.0,-0.00401,1
1044,2.0,-0.00396,2
1045,2.0,-0.00391,1
1046,2.0,-0.00389,2
1047,2.0,-0.00386,1
1048,2.0,-0.0038,1
1049,2.0,-0.00379,1
1050,2.0,-0.00373,1
1051,2.0,-0.0037,2
1052,2.0,-0.00369,2
1053,2.0,-0.00368,1
1054,2.0,-0.00367,3
1055,2.0,-0.00364,3
1056,2.0,-0.00363,1
1057,2.0,-0.00362,1
1058,2.0,-0.00361,1
1059,2.0,-0.0036,1
1060,2.0,-0.00359,1
1061,2.0,-0.00357,3
1062,2.0,-0.00356,1
1063,2.0,-0.00354,1
1064,2.0,-0.00353,2
1065,2.0,-0.00349,1
1066,2.0,-0.00348,1
1067,2.0,-0.00347,2
1068,2.0,-0.00346,1
1069,2.0,-0.00345,2
1070,2.0,-0.00344,1
1071,2.0,-0.00342,4
1072,2.0,-0.00341,1
1073,2.0,-0.00335,1
1074,2.0,-0.00333,1
1075,2.0,-0.00331,2
1076,2.0,-0.0033,3
1077,2.0,-0.00329,1
1078,2.0,-0.00324,1
1079,2.0,-0.00321,1
1080,2.0,-0.00319,1
1081,2.0,-0.00318,2
1082,2.0,-0.00315,1
1083,2.0,-0.00314,2
1084,2.0,-0.00313,1
1085,2.0,-0.00311,1
1086,2.0,-0.0031,2
1087,2.0,-0.00309,1
1088,2.0,-0.00308,1
1089,2.0,-0.00307,1
1090,2.0,-0.00306,1
1091,2.0,-0.00304,3
1092,2.0,-0.00303,2
1093,2.0,-0.00302,2
1094,2.0,-0.003,2
1095,2.0,-0.00299,3
1096,2.0,-0.00298,1
1097,2.0,-0.00297,3
1098,2.0,-0.00295,2
1099,2.0,-0.00294,3
1100,2.0,-0.00293,1
1101,2.0,-0.00292,1
1102,2.0,-0.00291,3
1103,2.0,-0.0029,3
1104,2.0,-0.00289,1
1105,2.0,-0.00287,1
1106,2.0,-0.00286,3
1107,2.0,-0.00285,1
1108,2.0,-0.00284,2
1109,2.0,-0.00283,3
1110,2.0,-0.00282,3
1111,2.0,-0.00281,3
1112,2.0,-0.00279,4
1113,2.0,-0.00276,3
1114,2.0,-0.00275,4
1115,2.0,-0.00274,3
1116,2.0,-0.00272,1
1117,2.0,-0.00271,1
1118,2.0,-0.0027,2
1119,2.0,-0.00269,4
1120,2.0,-0.00268,4
1121,2.0,-0.00267,1
1122,2.0,-0.00266,6
1123,2.0,-0.00265,3
1124,2.0,-0.00264,3
1125,2.0,-0.00263,2
1126,2.0,-0.00262,2
1127,2.0,-0.00261,2
1128,2.0,-0.0026,1
1129,2.0,-0.00259,1
1130,2.0,-0.00258,1
1131,2.0,-0.00257,4
1132,2.0,-0.00256,3
1133,2.0,-0.00255,1
1134,2.0,-0.00253,2
1135,2.0,-0.00252,4
1136,2.0,-0.00251,1
1137,2.0,-0.00249,3
1138,2.0,-0.00248,3
1139,2.0,-0.00247,1
1140,2.0,-0.00246,4
1141,2.0,-0.00245,3
1142,2.0,-0.00244,1
1143,2.0,-0.00243,3
1144,2.0,-0.00242,3
1145,2.0,-0.00241,3
1146,2.0,-0.0024,2
1147,2.0,-0.00239,5
1148,2.0,-0.00238,5
1149,2.0,-0.00237,5
1150,2.0,-0.00236,6
1151,2.0,-0.00234,6
1152,2.0,-0.00233,4
1153,2.0,-0.00232,2
1154,2.0,-0.00231,3
1155,2.0,-0.0023,3
1156,2.0,-0.00229,3
1157,2.0,-0.00228,2
1158,2.0,-0.00227,2
1159,2.0,-0.00226,4
1160,2.0,-0.00224,3
1161,2.0,-0.00223,3
1162,2.0,-0.00222,1
1163,2.0,-0.00221,4
1164,2.0,-0.00219,5
1165,2.0,-0.00218,4
1166,2.0,-0.00217,4
1167,2.0,-0.00216,5
1168,2.0,-0.00215,2
1169,2.0,-0.00214,2
1170,2.0,-0.00213,6
1171,2.0,-0.00212,3
1172,2.0,-0.00211,3
1173,2.0,-0.0021,2
1174,2.0,-0.00209,4
1175,2.0,-0.00208,7
1176,2.0,-0.00207,5
1177,2.0,-0.00206,5
1178,2.0,-0.00205,2
1179,2.0,-0.00204,8
1180,2.0,-0.00203,3
1181,2.0,-0.00202,5
1182,2.0,-0.00201,4
1183,2.0,-0.002,4
1184,2.0,-0.00199,8
1185,2.0,-0.00198,9
1186,2.0,-0.00197,5
1187,2.0,-0.00196,6
1188,2.0,-0.00195,4
1189,2.0,-0.00194,3
1190,2.0,-0.00193,5
1191,2.0,-0.00192,4
1192,2.0,-0.00191,4
1193,2.0,-0.0019,5
1194,2.0,-0.00189,5
1195,2.0,-0.00188,5
1196,2.0,-0.00187,4
1197,2.0,-0.00186,6
1198,2.0,-0.00185,7
1199,2.0,-0.00184,3
1200,2.0,-0.00183,3
1201,2.0,-0.00182,3
1202,2.0,-0.00181,7
1203,2.0,-0.0018,3
1204,2.0,-0.00179,4
1205,2.0,-0.00178,4
1206,2.0,-0.00177,7
1207,2.0,-0.00176,8
1208,2.0,-0.00175,8
1209,2.0,-0.00174,2
1210,2.0,-0.00173,2
1211,2.0,-0.00172,1
1212,2.0,-0.00171,2
1213,2.0,-0.0017,4
1214,2.0,-0.00169,3
1215,2.0,-0.00168,8
1216,2.0,-0.00167,3
1217,2.0,-0.00166,7
1218,2.0,-0.00165,4
1219,2.0,-0.00164,3
1220,2.0,-0.00163,3
1221,2.0,-0.00162,4
1222,2.0,-0.00161,7
1223,2.0,-0.0016,4
1224,2.0,-0.00159,4
1225,2.0,-0.00158,8
1226,2.0,-0.00157,8
1227,2.0,-0.00156,7
1228,2.0,-0.00155,6
1229,2.0,-0.00154,3
1230,2.0,-0.00153,11
1231,2.0,-0.00152,5
1232,2.0,-0.00151,1
1233,2.0,-0.0015,5
1234,2.0,-0.00149,8
1235,2.0,-0.00148,6
1236,2.0,-0.00147,6
1237,2.0,-0.00146,4
1238,2.0,-0.00145,4
1239,2.0,-0.00144,8
1240,2.0,-0.00143,9
1241,2.0,-0.00142,8
1242,2.0,-0.00141,6
1243,2.0,-0.0014,7
1244,2.0,-0.00139,10
1245,2.0,-0.00138,10
1246,2.0,-0.00137,8
1247,2.0,-0.00136,8
1248,2.0,-0.00135,9
1249,2.0,-0.00134,8
1250,2.0,-0.00133,9
1251,2.0,-0.00132,11
1252,2.0,-0.00131,10
1253,2.0,-0.0013,10
1254,2.0,-0.00129,10
1255,2.0,-0.00128,10
1256,2.0,-0.00127,8
1257,2.0,-0.00126,9
1258,2.0,-0.00125,13
1259,2.0,-0.00124,13
1260,2.0,-0.00123,13
1261,2.0,-0.00122,9
1262,2.0,-0.00121,12
1263,2.0,-0.0012,12
1264,2.0,-0.00119,8
1265,2.0,-0.00118,16
1266,2.0,-0.00117,15
1267,2.0,-0.00116,12
1268,2.0,-0.00115,9
1269,2.0,-0.00114,10
1270,2.0,-0.00113,16
1271,2.0,-0.00112,6
1272,2.0,-0.00111,9
1273,2.0,-0.0011,9
1274,2.0,-0.00109,17
1275,2.0,-0.00108,9
1276,2.0,-0.00107,13
1277,2.0,-0.00106,14
1278,2.0,-0.00105,12
1279,2.0,-0.00104,18
1280,2.0,-0.00103,19
1281,2.0,-0.00102,8
1282,2.0,-0.00101,12
1283,2.0,-0.001,12
1284,2.0,-0.00099,17
1285,2.0,-0.00098,17
1286,2.0,-0.00097,17
1287,2.0,-0.00096,20
1288,2.0,-0.00095,15
1289,2.0,-0.00094,11
1290,2.0,-0.00093,10
1291,2.0,-0.00092,22
1292,2.0,-0.00091,20
1293,2.0,-0.0009,17
1294,2.0,-0.00089,17
1295,2.0,-0.00088,12
1296,2.0,-0.00087,14
1297,2.0,-0.00086,28
1298,2.0,-0.00085,46
1299,2.0,-0.00084,11
1300,2.0,-0.00083,16
1301,2.0,-0.00082,23
1302,2.0,-0.00081,18
1303,2.0,-0.0008,26
1304,2.0,-0.00079,18
1305,2.0,-0.00078,36
1306,2.0,-0.00077,25
1307,2.0,-0.00076,14
1308,2.0,-0.00075,16
1309,2.0,-0.00074,20
1310,2.0,-0.00073,21
1311,2.0,-0.00072,18
1312,2.0,-0.00071,24
1313,2.0,-0.0007,21
1314,2.0,-0.00069,32
1315,2.0,-0.00068,25
1316,2.0,-0.00067,25
1317,2.0,-0.00066,78
1318,2.0,-0.00065,30
1319,2.0,-0.00064,32
1320,2.0,-0.00063,41
1321,2.0,-0.00062,31
1322,2.0,-0.00061,19
1323,2.0,-0.0006,38
1324,2.0,-0.00059,19
1325,2.0,-0.00058,36
1326,2.0,-0.00057,34
1327,2.0,-0.00056,27
1328,2.0,-0.00055,37
1329,2.0,-0.00054,34
1330,2.0,-0.00053,43
1331,2.0,-0.00052,39
1332,2.0,-0.00051,54
1333,2.0,-0.0005,37
1334,2.0,-0.00049,42
1335,2.0,-0.00048,255
1336,2.0,-0.00047,57
1337,2.0,-0.00046,38
1338,2.0,-0.00045,58
1339,2.0,-0.00044,68
1340,2.0,-0.00043,82
1341,2.0,-0.00042,42
1342,2.0,-0.00041,46
1343,2.0,-0.0004,47
1344,2.0,-0.00039,79
1345,2.0,-0.00038,53
1346,2.0,-0.00037,88
1347,2.0,-0.00036,65
1348,2.0,-0.00035,53
1349,2.0,-0.00034,65
1350,2.0,-0.00033,66
1351,2.0,-0.00032,123
1352,2.0,-0.00031,95
1353,2.0,-0.0003,136
1354,2.0,-0.00029,113
1355,2.0,-0.00028,97
1356,2.0,-0.00027,131
1357,2.0,-0.00026,220
1358,2.0,-0.00025,86
1359,2.0,-0.00024,100
1360,2.0,-0.00023,116
1361,2.0,-0.00022,349
1362,2.0,-0.00021,146
1363,2.0,-0.0002,76
1364,2.0,-0.00019,111
1365,2.0,-0.00018,70
1366,2.0,-0.00017,73
1367,2.0,-0.00016,128
1368,2.0,-0.00015,530
1369,2.0,-0.00014,81
1370,2.0,-0.00013,100
1371,2.0,-0.00012,68
1372,2.0,-0.00011,297
1373,2.0,-0.0001,113
1374,2.0,-9e-05,381
1375,2.0,-8e-05,142
1376,2.0,-7e-05,581
1377,2.0,-6e-05,3897
1378,2.0,-5e-05,729
1379,2.0,-4e-05,133
1380,2.0,-3e-05,112
1381,2.0,-2e-05,213
1382,2.0,-1e-05,505
1383,2.0,0.0,100
1384,2.0,1e-05,116
1385,2.0,2e-05,194
1386,2.0,3e-05,417
1387,2.0,4e-05,248
1388,2.0,5e-05,103
1389,2.0,6e-05,137
1390,2.0,7e-05,270
1391,2.0,8e-05,265
1392,2.0,9e-05,120
1393,2.0,0.0001,74
1394,2.0,0.00011,191
1395,2.0,0.00012,193
1396,2.0,0.00013,398
1397,2.0,0.00014,245
1398,2.0,0.00015,137
1399,2.0,0.00016,200
1400,2.0,0.00017,549
1401,2.0,0.00018,379
1402,2.0,0.00019,171
1403,2.0,0.0002,217
1404,2.0,0.00021,244
1405,2.0,0.00022,260
1406,2.0,0.00023,82
1407,2.0,0.00024,256
1408,2.0,0.00025,119
1409,2.0,0.00026,128
1410,2.0,0.00027,189
1411,2.0,0.00028,86
1412,2.0,0.00029,72
1413,2.0,0.0003,91
1414,2.0,0.00031,98
1415,2.0,0.00032,95
1416,2.0,0.00033,84
1417,2.0,0.00034,70
1418,2.0,0.00035,65
1419,2.0,0.00036,96
1420,2.0,0.00037,61
1421,2.0,0.00038,60
1422,2.0,0.00039,61
1423,2.0,0.0004,73
1424,2.0,0.00041,54
1425,2.0,0.00042,73
1426,2.0,0.00043,64
1427,2.0,0.00044,67
1428,2.0,0.00045,55
1429,2.0,0.00046,45
1430,2.0,0.00047,34
1431,2.0,0.00048,54
1432,2.0,0.00049,62
1433,2.0,0.0005,50
1434,2.0,0.00051,37
1435,2.0,0.00052,91
1436,2.0,0.00053,49
1437,2.0,0.00054,36
1438,2.0,0.00055,41
1439,2.0,0.00056,41
1440,2.0,0.00057,35
1441,2.0,0.00058,31
1442,2.0,0.00059,41
1443,2.0,0.0006,30
1444,2.0,0.00061,35
1445,2.0,0.00062,30
1446,2.0,0.00063,28
1447,2.0,0.00064,25
1448,2.0,0.00065,18
1449,2.0,0.00066,33
1450,2.0,0.00067,19
1451,2.0,0.00068,25
1452,2.0,0.00069,15
1453,2.0,0.0007,21
1454,2.0,0.00071,22
1455,2.0,0.00072,23
1456,2.0,0.00073,15
1457,2.0,0.00074,24
1458,2.0,0.00075,21
1459,2.0,0.00076,29
1460,2.0,0.00077,18
1461,2.0,0.00078,12
1462,2.0,0.00079,17
1463,2.0,0.0008,11
1464,2.0,0.00081,19
1465,2.0,0.00082,15
1466,2.0,0.00083,32
1467,2.0,0.00084,19
1468,2.0,0.00085,17
1469,2.0,0.00086,20
1470,2.0,0.00087,17
1471,2.0,0.00088,4
1472,2.0,0.00089,16
1473,2.0,0.0009,14
1474,2.0,0.00091,17
1475,2.0,0.00092,8
1476,2.0,0.00093,9
1477,2.0,0.00094,8
1478,2.0,0.00095,11
1479,2.0,0.00096,9
1480,2.0,0.00097,14
1481,2.0,0.00098,20
1482,2.0,0.00099,13
1483,2.0,0.001,13
1484,2.0,0.00101,19
1485,2.0,0.00102,13
1486,2.0,0.00103,11
1487,2.0,0.00104,8
1488,2.0,0.00105,3
1489,2.0,0.00106,17
1490,2.0,0.00107,11
1491,2.0,0.00108,9
1492,2.0,0.00109,11
1493,2.0,0.0011,8
1494,2.0,0.00111,5
1495,2.0,0.00112,8
1496,2.0,0.00113,6
1497,2.0,0.00114,8
1498,2.0,0.00115,3
1499,2.0,0.00116,7
1500,2.0,0.00117,12
1501,2.0,0.00118,5
1502,2.0,0.00119,9
1503,2.0,0.0012,7
1504,2.0,0.00121,9
1505,2.0,0.00122,6
1506,2.0,0.00123,5
1507,2.0,0.00124,3
1508,2.0,0.00125,7
1509,2.0,0.00126,5
1510,2.0,0.00127,7
1511,2.0,0.00128,4
1512,2.0,0.00129,6
1513,2.0,0.0013,12
1514,2.0,0.00131,12
1515,2.0,0.00132,3
1516,2.0,0.00133,13
1517,2.0,0.00134,6
1518,2.0,0.00135,9
1519,2.0,0.00136,4
1520,2.0,0.00137,6
1521,2.0,0.00138,3
1522,2.0,0.00139,5
1523,2.0,0.0014,5
1524,2.0,0.00141,3
1525,2.0,0.00142,4
1526,2.0,0.00143,2
1527,2.0,0.00144,8
1528,2.0,0.00145,4
1529,2.0,0.00146,1
1530,2.0,0.00147,5
1531,2.0,0.00148,3
1532,2.0,0.00149,4
1533,2.0,0.0015,2
1534,2.0,0.00151,2
1535,2.0,0.00152,3
1536,2.0,0.00153,3
1537,2.0,0.00154,6
1538,2.0,0.00155,6
1539,2.0,0.00156,6
1540,2.0,0.00157,2
1541,2.0,0.00158,11
1542,2.0,0.00159,2
1543,2.0,0.00161,2
1544,2.0,0.00162,3
1545,2.0,0.00163,4
1546,2.0,0.00164,3
1547,2.0,0.00165,3
1548,2.0,0.00166,2
1549,2.0,0.00167,2
1550,2.0,0.00168,1
1551,2.0,0.00169,1
1552,2.0,0.0017,2
1553,2.0,0.00171,1
1554,2.0,0.00172,3
1555,2.0,0.00173,1
1556,2.0,0.00175,1
1557,2.0,0.00177,3
1558,2.0,0.00178,3
1559,2.0,0.00179,3
1560,2.0,0.0018,4
1561,2.0,0.00181,4
1562,2.0,0.00182,2
1563,2.0,0.00183,6
1564,2.0,0.00184,2
1565,2.0,0.00185,1
1566,2.0,0.00186,5
1567,2.0,0.00188,1
1568,2.0,0.00189,3
1569,2.0,0.00191,3
1570,2.0,0.00192,2
1571,2.0,0.00193,3
1572,2.0,0.00194,2
1573,2.0,0.00195,1
1574,2.0,0.00196,2
1575,2.0,0.00197,4
1576,2.0,0.00198,1
1577,2.0,0.00199,1
1578,2.0,0.002,4
1579,2.0,0.00201,1
1580,2.0,0.00202,1
1581,2.0,0.00203,4
1582,2.0,0.00205,3
1583,2.0,0.00206,3
1584,2.0,0.00208,2
1585,2.0,0.00209,1
1586,2.0,0.0021,2
1587,2.0,0.00211,2
1588,2.0,0.00213,2
1589,2.0,0.00217,4
1590,2.0,0.00218,1
1591,2.0,0.0022,1
1592,2.0,0.00221,1
1593,2.0,0.00222,2
1594,2.0,0.00223,4
1595,2.0,0.00224,2
1596,2.0,0.00225,1
1597,2.0,0.00226,1
1598,2.0,0.00227,1
1599,2.0,0.00228,1
1600,2.0,0.00229,2
1601,2.0,0.00231,1
1602,2.0,0.00233,1
1603,2.0,0.00234,2
1604,2.0,0.00235,2
1605,2.0,0.00237,1
1606,2.0,0.00238,2
1607,2.0,0.00239,4
1608,2.0,0.00243,1
1609,2.0,0.00244,1
1610,2.0,0.00245,2
1611,2.0,0.00246,1
1612,2.0,0.00249,1
1613,2.0,0.00251,1
1614,2.0,0.00255,1
1615,2.0,0.00256,3
1616,2.0,0.00258,1
1617,2.0,0.0026,1
1618,2.0,0.00264,2
1619,2.0,0.00267,1
1620,2.0,0.00269,5
1621,2.0,0.00271,2
1622,2.0,0.00273,2
1623,2.0,0.00276,1
1624,2.0,0.00278,3
1625,2.0,0.00281,1
1626,2.0,0.00283,1
1627,2.0,0.00284,2
1628,2.0,0.00285,1
1629,2.0,0.00286,3
1630,2.0,0.00288,2
1631,2.0,0.00295,1
1632,2.0,0.00296,2
1633,2.0,0.00297,2
1634,2.0,0.00298,1
1635,2.0,0.00304,1
1636,2.0,0.00305,1
1637,2.0,0.00311,1
1638,2.0,0.00323,1
1639,2.0,0.00324,2
1640,2.0,0.00325,1
1641,2.0,0.00328,1
1642,2.0,0.00337,1
1643,2.0,0.00338,1
1644,2.0,0.00342,1
1645,2.0,0.00347,1
1646,2.0,0.00349,1
1647,2.0,0.00359,1
1648,2.0,0.0036,1
1649,2.0,0.00373,1
1650,2.0,0.00374,1
1651,2.0,0.00381,2
1652,2.0,0.00382,1
1653,2.0,0.00385,1
1654,2.0,0.00402,1
1655,2.0,0.00406,1
1656,2.0,0.00415,1
1657,2.0,0.00422,1
1658,2.0,0.00426,1
1659,2.0,0.00428,1
1660,2.0,0.0043,1
1661,2.0,0.00433,1
1662,2.0,0.00441,1
1663,2.0,0.00444,1
1664,2.0,0.00457,1
1665,2.0,0.00465,2
1666,2.0,0.00466,1
1667,2.0,0.00471,1
1668,2.0,0.00475,1
1669,2.0,0.00492,1
1670,2.0,0.00493,1
1671,2.0,0.005,1
1672,2.0,0.00502,1
1673,2.0,0.00504,1
1674,2.0,0.00514,1
1675,2.0,0.0054,1
1676,2.0,0.00548,1
1677,2.0,0.0056,1
1678,2.0,0.00613,1
1679,2.0,0.00626,1
1680,2.0,0.00627,1
1681,2.0,0.00637,1
1682,2.0,0.00668,1
1683,2.0,0.00709,1
1684,2.0,0.00732,1
1685,2.0,0.00794,1
